experiment,model,fold,run_id,params,best_epoch,MAE,MSE,CC_temporal,CC_spectral,RRMSE_temporal,RRMSE_spectral,R2,peak_F1,peak_precision,peak_recall,peak_accuracy,peak_missed_rate,peak_timing_err_ms_median,MAE_mean_hr_bpm,MAE_rmssd_ms
A_apnea,fpn,0,A_apnea__fpn__f0,2237313,17,0.16270282534588615,0.037159183272413875,41.33615020717196,73.80085085812443,0.5491475545458803,0.7725016276074497,-1.2590372310450104,0.03722118457920201,0.05512978275561635,0.029064457670091286,0.01900675872660631,0.9709355423299086,45.3125,15.21389860389499,455.140928012447
A_apnea,fpn,1,A_apnea__fpn__f1,2237313,36,0.18769798833408202,0.04997480589314486,37.61208909998649,80.71928798897305,0.5857305320396597,0.7660279325831201,-0.8585034916374416,0.0860985697995574,0.12494499083726855,0.06620129389868254,0.04643058984653037,0.9337987061013175,53.125,8.090216865455902,342.04046730974795
A_apnea,fpn,2,A_apnea__fpn__f2,2237313,18,0.1356045035961279,0.029255706726282457,38.55146192308565,74.4941444888357,0.4556322788572452,0.7845491135761031,-0.19240567957060856,0.14095917821733867,0.2688544586301559,0.09684080130609718,0.08147164955932726,0.9031591986939029,53.90625,9.860017360977949,376.7106344168857
A_apnea,fpn,3,A_apnea__fpn__f3,2237313,34,0.139061812512799,0.030926086738590135,43.70415906825997,73.92327463849817,0.5424431490895116,0.7620354024987146,-0.41266837118011807,0.08188231472138609,0.10404281952247593,0.06780280236050171,0.043496572773612435,0.9321971976394983,37.109375,4.915244905199909,309.6282747725113
A_apnea,fpn,4,A_apnea__fpn__f4,2237313,19,0.14840323301697417,0.03824045879313261,37.8727555102389,75.21833032837564,0.489868755099113,0.8279395633688669,-3.2495894273908945,0.08673224507033178,0.13456231866628582,0.06698152565317769,0.04559821734587234,0.9330184743468223,33.59375,12.894760653516034,473.97788080630943
A_apnea,linknet,0,A_apnea__linknet__f0,2775361,22,0.1614429124195816,0.03687641833822349,35.600956155677416,62.79481881096334,0.5443772641270587,0.7945979201241165,-1.2781523572692193,0.1595706846379057,0.18968808164484127,0.1391092362360386,0.0906771182455123,0.8608907637639615,37.5,27.96061406230668,446.0297439086397
A_apnea,linknet,1,A_apnea__linknet__f1,2775361,38,0.18547009580403478,0.049706756062825416,34.36523918322458,68.74495692821019,0.5727177501062239,0.7798310075700603,-0.8511449384983767,0.2293235771559524,0.2618621637884378,0.2095846306862052,0.13146111127899465,0.7904153693137947,31.25,24.11523289243212,347.6405164642135
A_apnea,linknet,2,A_apnea__linknet__f2,2775361,28,0.12345934491211541,0.028136990342132052,35.601237542889805,70.81569663729535,0.4416468735927647,0.8637877382269714,-0.1708651828994663,0.17059820600392755,0.28037868316782555,0.12372520685969166,0.10248599852432116,0.8762747931403083,42.1875,8.323479427365521,454.808863522856
A_apnea,linknet,3,A_apnea__linknet__f3,2775361,29,0.1373831739378407,0.02979807663565176,44.237632084566194,75.45991132941482,0.5327108928686487,0.961529391989776,-0.34746996039509565,0.1975437191178241,0.180042977096318,0.22544998922203996,0.11199980722126732,0.7745500107779602,37.109375,26.027491855744724,343.9607759166281
A_apnea,linknet,4,A_apnea__linknet__f4,2775361,20,0.14532481284861984,0.036987888118063354,33.83015496268793,66.4157941770562,0.4890864764040189,0.851738627513201,-3.0107843804883236,0.2955065037851884,0.31481215883740654,0.2943889424609886,0.18022981169509456,0.7056110575390113,25.0,31.042179614259595,350.60898563711635
A_apnea,multireslinknet,0,A_apnea__multireslinknet__f0,9218556,13,0.15980796701346878,0.03515510258824109,38.824328357277935,72.02432073193438,0.5584955373043003,0.7327413310990752,-1.2290019209843162,0.3310659249365099,0.38037277647538487,0.312497885193251,0.2038768330266001,0.687502114806749,21.875,31.991626715873906,468.59743068720616
A_apnea,multireslinknet,1,A_apnea__multireslinknet__f1,9218556,36,0.19463956317765854,0.05286289339524752,36.99043443141977,77.98659478921633,0.5910404999116216,0.7302989623740775,-1.0760828159083429,0.5157502852404147,0.7745219626833784,0.3925865558887832,0.36752132792136505,0.6074134441112168,20.3125,8.858107389758224,349.0466578554523
A_apnea,multireslinknet,2,A_apnea__multireslinknet__f2,9218556,22,0.12286458032939018,0.026908989997385106,44.78038758911413,82.5216958179196,0.43262015281272603,0.8023253765285543,-0.110115706507558,0.26238741352424005,0.3715737396169941,0.2085718146116558,0.16132802112609307,0.7914281853883443,62.5,11.33369148297964,356.1244645545768
A_apnea,multireslinknet,3,A_apnea__multireslinknet__f3,9218556,21,0.14068236638688955,0.030436583600933174,49.02130073708338,76.22523570402076,0.5336475284902952,0.7050393292381077,-0.28802098482872235,0.25131217858589333,0.2541946992864424,0.25004536263951604,0.14494956021730093,0.7499546373604838,23.4375,22.94919381058879,278.9383974214319
A_apnea,multireslinknet,4,A_apnea__multireslinknet__f4,9218556,13,0.14585603352263984,0.03746431481747508,39.1489014483435,76.86100491215198,0.49079882094733673,0.8171985595519208,-3.162602985856489,0.4129782155401986,0.6683676723596078,0.3165045462328231,0.2803258256531343,0.6834954537671768,25.0,11.393520051427402,337.61049816451134
A_apnea,unet,0,A_apnea__unet__f0,12210881,3,0.16080800949712284,0.039754487991557404,0.5095734365438348,8.533989175207028,0.6029762409757098,0.9984763182134209,-1.5262409352650117,0.035306768393710705,0.1542036910457963,0.019953844443671896,0.018064745123208277,0.9800461555563281,22.4609375,,
A_apnea,unet,1,A_apnea__unet__f1,12210881,55,0.2039084643646418,0.058120900703011534,35.31738657007936,71.63740012334235,0.6224979472552679,0.7215267867539242,-1.2274198395624223,0.5448897410032726,0.8750824061698514,0.4073407852388267,0.3973059443852899,0.5926592147611733,15.625,7.956682387640323,334.5485520975113
A_apnea,unet,2,A_apnea__unet__f2,12210881,41,0.13079091517128344,0.029079979522824522,47.74029481029717,78.63746259717453,0.4493687764396773,0.9661271516349765,-0.21609150867095367,0.22437033892674196,0.3021828167397198,0.1862705083229411,0.13749803066442226,0.8137294916770589,35.9375,10.179281240570116,330.4135461376186
A_apnea,unet,3,A_apnea__unet__f3,12210881,22,0.15521149740925466,0.035352175082953054,1.0338451876036527,14.553840640888478,0.5723995684705753,0.9961680002416086,-0.4504578793851785,0.0486953727890991,0.18648104403051546,0.0283054036186733,0.024971327675816588,0.9716945963813267,58.59375,,
A_apnea,unet,4,A_apnea__unet__f4,12210881,22,0.14623007729304455,0.037175863278201896,18.649974969801434,48.997964202658714,0.5121867271063594,0.923886492299115,-2.521736649100739,0.09933632027749675,0.14900357968808006,0.07685726092918994,0.052611041845228336,0.92314273907081,45.3125,23.362194478511988,360.24910398424373
A_resting,fpn,0,A_resting__fpn__f0,2237313,5,0.1483124943492659,0.03662232972111813,44.46012411303255,68.57703265130704,0.5620610473264995,0.6941345455369157,-0.6866562415039754,0.07909749359552694,0.1356374267414492,0.06150726833483003,0.04226185717132641,0.93849273166517,39.0625,17.958100146265682,442.2537288764003
A_resting,fpn,1,A_resting__fpn__f1,2237313,68,0.19251176953181712,0.050637284617579596,49.1673894925615,89.5725001035863,0.5502486212824188,0.659156859046416,-0.8329787608750413,0.7325680445777562,0.9139056994547131,0.6232191954152512,0.6062034794460496,0.3767808045847489,20.833333333333332,2.437275752727453,269.66214526395396
A_resting,fpn,2,A_resting__fpn__f2,2237313,25,0.15770043871322206,0.04282636949958122,55.71242453429227,84.24123971980309,0.4967665189048747,0.6943754482509752,-0.6067294727226615,0.4119857064216634,0.46348558524537503,0.38346515457778557,0.2723695496663387,0.6165348454222145,40.364583333333336,13.037349125193664,381.78037782457733
A_resting,fpn,3,A_resting__fpn__f3,2237313,12,0.12718187837999959,0.02745345495933467,43.029442375158354,74.7800587829516,0.466174277033344,0.8326910222428033,-0.13014078994256087,0.0420451974124044,0.057534811524062056,0.033997413821579454,0.021561501949304566,0.9660025861784206,47.526041666666664,4.862066677718054,419.84881493376446
A_resting,fpn,4,A_resting__fpn__f4,2237313,16,0.17524840092366728,0.051229574900666985,43.94190525366507,84.48598631149477,0.5447457747810214,0.7353091998261776,-1.7721055972783124,0.6912728984764692,0.8414614512570142,0.5954759243882832,0.5864747138822054,0.40452407561171677,19.53125,3.132121209271027,259.2220305391239
A_resting,linknet,0,A_resting__linknet__f0,2775361,31,0.19653536067221167,0.060546894850896205,46.643827262894966,69.50801905842326,0.7450005933664584,0.6867075017711003,-1.8101457477083005,0.5400128124938112,0.7263248121802611,0.44848132510653743,0.4069747306377693,0.5515186748934625,23.4375,10.088470477389391,382.8951415702202
A_resting,linknet,1,A_resting__linknet__f1,2775361,31,0.19737089944021685,0.051917356557170426,45.049304623159685,86.61792535857212,0.5810264862740037,0.751190315874812,-0.8192018581182858,0.6369718642456066,0.8585980977343142,0.5103095857061092,0.4910430579716523,0.4896904142938909,22.135416666666668,4.292548143396691,323.3149893990423
A_resting,linknet,2,A_resting__linknet__f2,2775361,29,0.1564496491781215,0.04142011675358166,50.35884529019573,84.02623012043517,0.5035294295110914,0.716626622174767,-0.5203086107479803,0.19096786511114064,0.24564382339366406,0.16291264921088291,0.11898955000502547,0.8370873507891169,46.223958333333336,16.15702087503455,352.68617249766635
A_resting,linknet,3,A_resting__linknet__f3,2775361,16,0.12877095466853,0.027759920509040522,51.81384063323839,81.79419804061828,0.4714815054180536,0.6691406565505759,-0.12116594512928756,0.16359698567893058,0.15016838810034205,0.18096321298415066,0.09038976611911907,0.8190367870158491,41.666666666666664,18.967941531994253,309.7199397662674
A_resting,linknet,4,A_resting__linknet__f4,2775361,3,0.17431548091916046,0.05304305914720733,31.664309319896084,64.5149238828275,0.5623831161945488,1.154571123143241,-1.8746788729895292,0.15609638408834062,0.1345424578108064,0.24051124240640184,0.08704325154808724,0.7594887575935982,60.546875,46.994677983241736,339.3387975665166
A_resting,multireslinknet,0,A_resting__multireslinknet__f0,9218556,6,0.15590237109577756,0.036282811500229224,50.17960199201121,71.36618325431377,0.5599278290132271,0.6038291765644795,-0.6501174958579761,0.6045820034561847,0.7762650781339806,0.5101080766607212,0.4897970466535773,0.48989192333927867,26.692708333333332,7.173553722197933,311.39097055739813
A_resting,multireslinknet,1,A_resting__multireslinknet__f1,9218556,32,0.21011406941201924,0.05740350235173092,52.3691444317958,89.87142552481886,0.582184128781044,0.6083213210031966,-1.1143563754988601,0.7394229910270406,0.9740509896704613,0.6216646641996044,0.6142139699993484,0.3783353358003956,18.229166666666668,2.7761308427590756,232.77279453574548
A_resting,multireslinknet,2,A_resting__multireslinknet__f2,9218556,9,0.15850649402229589,0.039703444314831325,51.93468109131373,83.63618801883793,0.5001824591115874,0.7963613190190313,-0.43972856014941075,0.11960693914638316,0.16289294052187467,0.09670329851223257,0.06850281887324881,0.9032967014877675,37.760416666666664,7.342305037257373,320.2259825171095
A_resting,multireslinknet,3,A_resting__multireslinknet__f3,9218556,17,0.1197729988561584,0.02663349337459093,48.81618707104959,78.57819479418508,0.46291043063114506,0.8367018085287292,-0.06762673950619416,0.045557316839759006,0.05279940061181995,0.040463999667553076,0.023465356834469358,0.9595360003324468,41.015625,3.698155519162867,352.8420383216435
A_resting,multireslinknet,4,A_resting__multireslinknet__f4,9218556,13,0.1682628720032953,0.045902680847394586,46.31734096704699,75.86065867038958,0.5451077018595574,0.706664752587386,-1.4975672246754217,0.7023601851200428,0.8350737389357658,0.6231496193561283,0.607119857029241,0.37685038064387166,26.041666666666668,3.676342511262939,256.97993613483266
A_resting,unet,0,A_resting__unet__f0,12210881,10,0.16861822634077905,0.04195763480759415,48.223647570276455,69.6864749084431,0.6418019303000886,0.723094103451962,-0.975779847113211,0.49491122339641924,0.4657953745735724,0.5621167539803661,0.3554760769163094,0.43788324601963396,31.25,36.11504107843505,467.7112316554444
A_resting,unet,1,A_resting__unet__f1,12210881,2,0.1845854997089252,0.052131533671480754,0.9968751275399003,-1.3772352938995691,0.5851390648792795,0.9999546202462296,-0.7829340218526175,0.04755667141759714,0.21215148471246034,0.0268145203902905,0.024364680631680593,0.9731854796097096,48.828125,,
A_resting,unet,2,A_resting__unet__f2,12210881,3,0.1824173681963082,0.046610086739594804,0.2245073979988076,-4.149359408056606,0.5733348534094743,0.9999870636858829,-0.6059494545631731,0.04161523513296502,0.22503461467279595,0.02303007307327865,0.021276368266125084,0.9769699269267212,43.619791666666664,,
A_resting,unet,3,A_resting__unet__f3,12210881,11,0.1463358022691327,0.03588335951528525,-1.015857479526886,6.087143929211252,0.533088841554831,0.9995895364182734,-0.4007780080331484,0.04328738215827508,0.21610735735735734,0.024076310446819738,0.0221446361124929,0.9759236895531802,46.875,12.833914284941883,722.6003443019615
A_resting,unet,4,A_resting__unet__f4,12210881,48,0.1642265282897612,0.046147863462378605,53.955588038071475,75.97272243426133,0.5205676476767072,0.890212091201275,-1.5471346037837297,0.8514711411630261,0.931832974060021,0.7903618130763506,0.7657635331744626,0.20963818692364944,13.020833333333334,6.913767159463713,221.29446807399736
A_valsalva,fpn,0,A_valsalva__fpn__f0,2237313,2,0.17131900134471179,0.043211767062964465,24.24390579318885,66.54721504672663,0.6632140307752588,0.904547911088065,-1.0535648887869884,0.08112934367363629,0.16225027115994906,0.06138668895452767,0.042721540061815166,0.9386133110454723,45.572916666666664,37.28204394113997,443.5687436270485
A_valsalva,fpn,1,A_valsalva__fpn__f1,2237313,15,0.17735310750925684,0.04857083744649033,32.62550798875883,75.8577014824788,0.48672237883158576,0.7249322398579604,-0.8493374599499123,0.5862807781196816,0.7597823841544642,0.489103017742472,0.46339271100285845,0.5108969822575279,29.6875,5.856466338679667,348.09506080135117
A_valsalva,fpn,2,A_valsalva__fpn__f2,2237313,18,0.15931201124722869,0.043388660282392674,42.43817503349258,73.56920489674465,0.5131726177485096,0.8183008070545644,-0.70595775867936,0.1268959049724284,0.21315955970643738,0.09241488145930753,0.07341446967736495,0.9075851185406925,41.666666666666664,11.453048277003953,423.56228585981745
A_valsalva,fpn,3,A_valsalva__fpn__f3,2237313,12,0.12763343289042808,0.028473670573012973,47.255448563579954,81.38688099702061,0.4858585172574239,0.817507078234891,-0.11470360336713877,0.04604842028917223,0.05992902639408232,0.03782921305777056,0.023772140026561944,0.9621707869422295,62.5,6.081088668234595,360.4040476428394
A_valsalva,fpn,4,A_valsalva__fpn__f4,2237313,17,0.17684399934357892,0.049041430760514225,52.750991506613204,84.54701391966944,0.5391979287072983,0.6516345956945405,-1.8247154984037903,0.8029234464890826,0.9375137462299413,0.7070514882600072,0.6753486473014315,0.29294851173999276,15.625,1.6597181275492616,149.8509250570064
A_valsalva,linknet,0,A_valsalva__linknet__f0,2775361,15,0.1760781587518983,0.0425939991917072,55.580418028249944,81.71115063108311,0.6665150668265605,0.6652378193342345,-1.0778522506795432,0.7253042807194832,0.9482297545478917,0.6037988663795611,0.5889345328021002,0.3962011336204388,16.927083333333332,3.661973477763174,216.2408685426177
A_valsalva,linknet,1,A_valsalva__linknet__f1,2775361,15,0.1834439794822607,0.05072638547305565,30.03391311530765,69.92625678534071,0.5030065753925441,0.7346113104455033,-0.9435417934169259,0.5745435583120971,0.7560110149819413,0.480603342501231,0.46414048551598047,0.519396657498769,26.5625,3.0319594582006077,284.4916435135872
A_valsalva,linknet,2,A_valsalva__linknet__f2,2775361,20,0.15246499929493826,0.037638975799040436,47.1411542444546,77.759438761065,0.4956917668250199,0.7937413247303285,-0.4655845075955593,0.2418315497726987,0.28095216981112153,0.2352953452865245,0.14220715562980746,0.7647046547134756,53.385416666666664,26.70396441209832,371.57285647718555
A_valsalva,linknet,3,A_valsalva__linknet__f3,2775361,12,0.13293392848658714,0.030180390999493167,50.59310451820258,82.80536020615801,0.4993903825546778,0.934951295707819,-0.18113332441210858,0.04658360935143511,0.049276890189028325,0.04450239103301543,0.023989655184738126,0.9554976089669844,49.21875,10.95288282079488,313.23312451896743
A_valsalva,linknet,4,A_valsalva__linknet__f4,2775361,19,0.1683575828592409,0.04573837202989365,52.09246924575929,86.78825897525542,0.5252977947867989,0.680489871347035,-1.6112492643340501,0.8768459434725366,0.9745269781293976,0.7976553075440631,0.7818992677936738,0.20234469245593695,14.0625,2.050243377438663,94.01246934991275
A_valsalva,multireslinknet,0,A_valsalva__multireslinknet__f0,9218556,14,0.1826623603968531,0.04486316375783417,53.25122704283769,82.0223835472034,0.6790273974294474,0.673953293169874,-1.1897241409538195,0.6936230017496868,0.8895548905147899,0.5878849719058111,0.5679311091069204,0.41211502809418893,19.53125,4.60329703422216,229.0066230766428
A_valsalva,multireslinknet,1,A_valsalva__multireslinknet__f1,9218556,8,0.17007904536093563,0.04514613319365499,36.49408794152654,75.0424424589922,0.47071331782661774,0.7036410111873472,-0.7015441128059077,0.5650382890088979,0.7604718617489763,0.466452392304582,0.434928620962474,0.533547607695418,25.78125,3.7934468743171363,342.3799943373336
A_valsalva,multireslinknet,2,A_valsalva__multireslinknet__f2,9218556,10,0.1712955296271875,0.04667091557484168,67.64577832964541,87.32410250172356,0.5034598182202535,0.6498808121776639,-0.8688393247277179,0.7597463529378997,0.9796035265165739,0.6373409033860185,0.630700888218105,0.36265909661398155,13.020833333333334,11.136810736082893,312.0458297251035
A_valsalva,multireslinknet,3,A_valsalva__multireslinknet__f3,9218556,12,0.12089620629716046,0.025957713502303702,55.80167513749035,83.69216005411994,0.46216004628331836,0.8020809172342424,-0.05882476493044905,0.44985050245207925,0.4531826363622396,0.44945603634215364,0.29137437982584313,0.5505439636578463,25.0,20.583843290381566,429.38646809926314
A_valsalva,multireslinknet,4,A_valsalva__multireslinknet__f4,9218556,6,0.161697345489275,0.045268002233908144,44.24319935020095,82.19696397485083,0.5365991588714353,0.7394850471546106,-1.592358322419146,0.043424990386881565,0.05118089248453954,0.038133225379311096,0.022601208519036804,0.9618667746206888,44.53125,5.417954568825574,272.83332303270856
A_valsalva,unet,0,A_valsalva__unet__f0,12210881,34,0.18473590575677645,0.04470612775545666,58.5004204647478,81.87175812853091,0.6695404533828047,0.6888739455965459,-1.1875473772962566,0.7234153848250036,0.9137964474506535,0.6105089037487331,0.5857794689628332,0.38949109625126693,16.927083333333332,3.783325096972561,215.9625582799324
A_valsalva,unet,1,A_valsalva__unet__f1,12210881,25,0.20329080023447105,0.0583325500589313,39.69625287135937,74.94129005956553,0.5303767234407605,0.730101984516148,-1.2994906613623243,0.610997541255149,0.8143354968660936,0.4972137431076421,0.47880729673990974,0.5027862568923579,31.25,5.700307317332171,306.4787170645752
A_valsalva,unet,2,A_valsalva__unet__f2,12210881,3,0.17448574847418893,0.04381978878777217,-1.0689781153880056,7.470732556282606,0.5544001905547182,0.9996994787298584,-0.6213233616181332,0.04774581866354591,0.2571183813131967,0.0264221425600578,0.02447400720950972,0.9735778574399422,57.291666666666664,18.37286156162106,742.1228647503598
A_valsalva,unet,3,A_valsalva__unet__f3,12210881,10,0.15897642095375014,0.037731111594314345,2.6767123326764466,16.11254530222206,0.5575066326406336,0.9913515659173324,-0.42765568130176207,0.11117882552701248,0.19778296489585417,0.08537258386720138,0.059921306131765065,0.9146274161327987,56.25,25.847291684142874,412.4257079545334
A_valsalva,unet,4,A_valsalva__unet__f4,12210881,19,0.17011661540204923,0.04546850185852924,54.24528912923236,87.3888464426635,0.5447286795616263,0.7813652556441025,-1.6227040799378545,0.871253239351573,0.9831915709695084,0.7838350082999492,0.7751183618047208,0.2161649917000507,15.625,2.1289951787348516,108.2398087362698
B_rva,fpn,0,B_rva__fpn__f0,2237313,17,0.15420973475125893,0.035569842974850586,58.75005234873069,80.13983748805255,0.5854845575608969,0.6315771822685603,-0.7831902276176751,0.6953921768308191,0.8649537705424093,0.5932075406969259,0.5654316196225775,0.406792459303074,14.016544117647058,7.881753989162412,263.94067134206813
B_rva,fpn,1,B_rva__fpn__f1,2237313,5,0.18471894550118376,0.05484070691183299,29.38334902610922,75.37862972485195,0.5424906357528319,0.913066803491525,-1.0949627360090757,0.06754497348358508,0.10562559225294,0.05399926862050093,0.035164879848291176,0.9460007313794991,55.6640625,19.259067165302035,436.00323538267014
B_rva,fpn,2,B_rva__fpn__f2,2237313,17,0.16189492628490415,0.04288981003568206,64.4292844923248,86.23161586995258,0.49497979312546453,0.667479964907996,-0.6372345680843781,0.6980580864980962,0.8905120532984966,0.5871507718046565,0.5509931847548859,0.41284922819534353,23.667279411764707,8.352943152490374,364.65167489433134
B_rva,fpn,3,B_rva__fpn__f3,2237313,7,0.12659338375635373,0.0269972220802432,50.50463820200595,81.43702812709398,0.47346842643555975,0.7629616286028227,-0.10171384296620663,0.057350838993415434,0.06658570600389824,0.050516978510687725,0.029868571731228834,0.9494830214893122,51.041666666666664,6.510330020793254,369.0328361009438
B_rva,fpn,4,B_rva__fpn__f4,2237313,20,0.15991045041763002,0.04182616944367457,63.301076497096716,90.08502863269526,0.4842591612722129,0.7383112710017216,-1.6596867708103045,0.856436377886891,0.9590609110579597,0.7853627053042924,0.7720423602444064,0.21463729469570764,11.474609375,2.391038893981031,134.9110089140392
B_rva,linknet,0,B_rva__linknet__f0,2775361,11,0.16710725358113146,0.03902636433059461,54.8383997421077,79.22751767355274,0.626082465506147,0.6922151832708764,-0.9177130431991768,0.6618315649357223,0.8413612347802645,0.560398967528465,0.5251704502363049,0.43960103247153504,18.841911764705884,9.129382683959443,284.23348987358867
B_rva,linknet,1,B_rva__linknet__f1,2775361,8,0.17337839000574515,0.045347132057346036,32.87429010884169,69.9365495599062,0.5093365711343307,0.8865172104413291,-0.6351346853574663,0.10618482092264454,0.11885266642444198,0.1009173692529379,0.05707565250326378,0.8990826307470621,54.443359375,19.893418603683706,384.5049291970514
B_rva,linknet,2,B_rva__linknet__f2,2775361,21,0.15832754514780217,0.043753548365370765,57.934365352077315,85.57199572856013,0.49620520361763326,0.6981344088761849,-0.6830123248735589,0.6030657585406626,0.8960047741670857,0.46805439072295274,0.44730704564337764,0.5319456092770473,19.761029411764707,11.137170479151823,380.4246547838993
B_rva,linknet,3,B_rva__linknet__f3,2775361,7,0.12069491512883036,0.02535458736888518,53.111452912247884,84.12035325218145,0.4597122541021432,0.6890104306186663,-0.022539062412837377,0.06052949405541165,0.06110715454091043,0.06029774135758074,0.031537069869039966,0.9397022586424193,48.958333333333336,6.167518977218321,302.8497055513426
B_rva,linknet,4,B_rva__linknet__f4,2775361,3,0.16003269236706466,0.04399463132573138,43.99177356185613,77.80001629507437,0.5107178235311781,0.72393740683828,-1.5636255490282582,0.08833114084846441,0.1000609212370204,0.08533380352166606,0.04703633570962767,0.9146661964783339,55.419921875,15.47008373864543,330.7330440004764
B_rva,multireslinknet,0,B_rva__multireslinknet__f0,9218556,27,0.1668021478346981,0.04134776021393277,51.981708312576835,79.81865190677652,0.6244141356276478,0.7446979477088452,-1.0802267588173595,0.686408755359542,0.8470749421521026,0.5919329382517575,0.5654496028401124,0.4080670617482425,16.544117647058822,6.272847784762947,267.1186610321047
B_rva,multireslinknet,1,B_rva__multireslinknet__f1,9218556,14,0.18714203749755162,0.04943068654953356,43.185333291291784,80.41065932268309,0.5141044756229961,0.6773647338553961,-0.8749410517911014,0.7495535340959933,0.9033583763138948,0.6530701228598828,0.6355572637764173,0.34692987714011725,18.06640625,4.308945647171176,259.99526923268786
B_rva,multireslinknet,2,B_rva__multireslinknet__f2,9218556,10,0.16025249349652204,0.04383555136212515,63.697108186556065,86.15909746496172,0.48808391868994666,0.7129234401121289,-0.6817289490531561,0.6432382892364724,0.9330946018010221,0.5117423049219268,0.49905262434811076,0.4882576950780732,25.735294117647058,11.821950835837313,354.68101393877964
B_rva,multireslinknet,3,B_rva__multireslinknet__f3,9218556,7,0.15193920786915766,0.0358473473544126,8.69188977048007,36.84916021948364,0.5440782540349705,0.9850819321699542,-0.43446870632721324,0.254107965877565,0.30035351868996873,0.30473914752591136,0.15515942580394615,0.6952608524740886,42.96875,45.7360218766342,263.4651213060669
B_rva,multireslinknet,4,B_rva__multireslinknet__f4,9218556,3,0.16253654130928888,0.04298585060469468,55.50117337200211,85.26991515596002,0.5018096049683021,0.6914519488670892,-1.6114841678664518,0.7711687773303683,0.9118018107852275,0.6877786775436907,0.66838465336879,0.3122213224563093,16.6015625,3.27190475304275,174.49307713356393
B_rva,unet,0,B_rva__unet__f0,12210881,24,0.16928436716086384,0.04182449200018005,53.71839802960506,79.42480478822267,0.6264748028517607,0.651440886161209,-1.0550417174819668,0.7076001806987646,0.8557297594083437,0.6197058840514158,0.586212178411741,0.3802941159485842,18.841911764705884,5.00148473192467,272.0651602827451
B_rva,unet,1,B_rva__unet__f1,12210881,40,0.19009159175059032,0.053858361669653666,41.96959292202246,81.58906102376734,0.5302152626361041,0.6795703748246587,-1.0987643307333166,0.7391437349093173,0.9009035703361976,0.6426753079131228,0.6244808680272766,0.3573246920868772,17.578125,4.542220799738374,268.64392346695854
B_rva,unet,2,B_rva__unet__f2,12210881,9,0.17348785126714142,0.043821878594347,0.19132485699090457,-3.6707217833992094,0.5508369166367891,0.9999787239086241,-0.5775683120767778,0.041862409627723196,0.2346587790046699,0.023109653961741156,0.02143140487942477,0.9768903460382589,49.17279411764706,,
B_rva,unet,3,B_rva__unet__f3,12210881,2,0.1326924448652327,0.03143325718154415,0.7739870574942312,-3.655630492719225,0.5070403303973036,0.99988580002713,-0.20544477447220402,0.04372285533871279,0.20887399689308886,0.024480898007143273,0.022362576206178705,0.9755191019928566,50.78125,73.80206008687705,63.1498825039115
B_rva,unet,4,B_rva__unet__f4,12210881,9,0.16464691899343972,0.04569740864164993,46.905107619291876,81.59266283637493,0.5261789358080551,0.7387089156759997,-1.6856088795094626,0.10750447522887077,0.12031488655657907,0.10379380186328938,0.06230908937631845,0.8962061981367107,35.15625,8.711646515612122,307.0284739868494
