subject,L10_transformer,L2_loss_only,L3_c1_only,L4_c1_c5,L5_no_wavelet,L6_no_ssm,L7_singletask,L8_no_film,L9_full,fpn,linknet,multireslinknet,unet
GDN0001,65.26340769913323,70.06410106688212,72.12698418999385,77.3602373994273,79.3464411676322,56.830657680893765,76.55394426111773,77.39266470789994,72.82843723194176,68.1220940450402,68.03200946388414,71.31660319560204,65.15219481368278
GDN0002,73.78820558261675,52.36076501411909,74.62262460405647,67.71667988585072,77.49902723609067,74.21975498741263,77.86941340036452,78.34881348864239,76.86248200090812,41.89263456086285,45.39325244024173,4.957857667501097,0.7284135477965927
GDN0003,49.634223056979785,40.84058583705292,72.47230157318084,65.89180715209525,52.18801901718966,54.89333577810758,73.43723755516865,70.47509131843417,65.38964762949873,60.52265652234547,57.486838614299785,70.45665232597393,-0.1388456699322889
GDN0004,71.42395476175123,58.789191863308304,68.0995534200718,66.14906868690197,77.61451153301948,72.84512467902324,73.10717103022957,72.86767172860593,77.205096266249,58.74940478368901,61.96411928604621,71.78585975396602,67.29994171815774
GDN0005,27.764279136192734,19.679627049296897,31.428993125051942,6.413046074472253,21.09961188294281,31.281376854120253,36.11208371131086,28.195454735151362,32.006834541954106,6.244831414685014,13.378307359280527,15.784577591263853,17.926075783384203
GDN0007,50.63816854592444,70.55123325644813,69.50953532844139,70.89129398204302,48.19734914802157,46.78078901631396,74.40584257414793,70.60227423215785,73.84336406478155,70.64636305538083,59.300100038213,64.08557333194872,1.0660241088974454
GDN0008,42.1601934684453,43.043342465094014,44.34654890211762,49.337336434720065,46.94315105022221,51.53947793743775,47.6578709178967,51.867949861358746,38.83991930362142,52.450759124269176,36.66339625549121,49.15688742532677,36.2258204909317
GDN0009,63.00932615427894,46.63543105841253,64.59003304099788,54.68108258594837,69.25863680375556,68.49469535839441,67.24066533345399,63.093021644196156,66.4064105172901,42.46070585865515,41.93768994237118,6.092608043098214,0.6203454843456659
GDN0010,73.18583538537163,67.99951692249886,72.56434987333367,72.92971011242857,81.63663722100833,48.69470706276091,82.18774367615656,84.0249259895006,70.66191580267716,80.35973194338939,71.32941861614164,71.76487549870987,67.777909761693
GDN0011,73.79582595037913,68.83100392783149,74.87079137034324,71.24564309688532,76.82486010308939,76.82169438935956,75.12353890534824,73.68464745563641,72.84267448216573,66.7570362545829,67.39077630287888,16.263854030549673,0.41904350082498665
GDN0012,51.66571974057405,23.517497785201353,49.72438170926751,46.12823432442965,56.58953375605779,53.594227418071,58.07883783483815,51.199155501133006,50.19076527133932,34.21598125360167,29.816952112753263,35.11330053868877,30.81227517595289
GDN0013,28.781681125165562,43.23333675967296,57.92126372318142,56.159639158910515,23.33724944706205,30.79069497986771,57.85529433229414,52.99013070578491,49.468767060163124,51.0876585769109,50.32297490046974,45.82261213866805,-0.054855491872683515
GDN0014,58.80563281322142,61.95657295270949,58.999038454974155,64.66734742912057,54.16988512940905,61.21185603320382,57.88604911828158,54.733535223056066,61.24464078236925,50.546837259795936,60.224188314196866,3.727414896066953,1.184537659094537
GDN0015,71.58510242462482,56.58461249165133,66.5220320562658,69.32693565695375,69.08667969695712,66.9528334269051,69.59720674327178,70.40392193707312,73.74162907540592,53.41250683073554,48.050179217574325,3.3591974181101034,0.8803068171628978
GDN0016,56.68859623235933,59.17975863504843,52.989965799564,11.901843074225505,50.371889351740755,67.69496924408695,48.886060249916525,49.37696220510747,46.93461581280242,26.206471082368616,33.336099892299316,50.55187666794507,49.40184603131099
GDN0017,42.700148230260154,66.65042880957876,53.41343893908041,57.992298809384266,61.05374418097781,39.70743514711229,59.1791424949037,67.80698471580813,58.939659490428426,65.67667505489854,66.39016088614758,60.12068302145542,69.03490485236969
GDN0018,54.74659084248993,66.03577825029637,77.5629679014687,73.79335815897772,51.742649585102384,46.34841929343412,77.34962706265004,76.53974736011946,69.7112919977548,70.2105629338907,57.60794547476292,68.11477650906025,0.4650881346436837
GDN0019,13.010531302222946,41.97484647958949,42.237336723143386,46.38800240050083,45.75920535020883,25.604375298180837,31.01024582776141,38.8145812126672,4.622914957189876,57.0905872800862,34.53414691224933,43.3380847166372,30.37736811984551
GDN0020,33.30191475605672,59.251565975069596,64.02339553782909,64.88601825996092,33.643104039903434,29.753703902164425,69.29350939927528,71.6623505762738,67.65963305289657,65.81927495884993,61.343161623675336,66.3333852224448,0.184071433373399
GDN0021,47.288653719868705,54.25537160595948,54.226914259853324,39.794422132235,44.69159738992697,39.27427193058153,38.52824583782368,37.96093291332927,45.590686375698844,48.80862491772956,50.9274077022213,14.459861027054432,0.8448769602576922
GDN0022,29.330722875869135,45.522738613491526,32.371697005840446,39.49996470527848,28.556725720872855,21.776855788402777,38.457794898908205,43.000352398251515,38.02338132893264,46.54303487528526,41.67777154678885,39.201798877491385,39.482352720911386
GDN0023,66.7989609230198,75.68642492570004,83.54392129241917,82.02672885006804,86.08622530862547,87.9311852308668,86.35646048579588,84.04308778289318,79.69955256353035,75.1118099540513,73.48386689157799,76.93227256478033,72.8783430880321
GDN0024,67.36114068815209,62.37477418635778,69.21990522912948,55.21455190121916,72.36849315554664,60.371967572655365,78.48350166576822,74.23434177395623,35.91423922470606,66.08516691135361,53.792475631160436,57.67999965455677,63.449602266975475
GDN0025_no02,77.75663072615319,62.07549040853412,85.12428980035114,82.24417899469138,73.57266334262195,69.27595831891634,81.92553497371766,83.55618744809145,85.28188600820167,67.62046781858989,61.22247669324725,67.59868352490474,-0.35487016721326714
GDN0026,74.65227369420636,60.87870440115265,72.29204591400546,40.15543302479388,74.20381975849219,63.85886379345088,84.78581797515179,73.33091930137972,82.54168878588249,21.900957242964346,5.4797096705741675,82.07420051477828,82.92611069268612
GDN0027,38.06046535749338,25.434342471800665,35.86859662416668,43.50049132349311,47.05183437881548,46.011206754028194,34.96233150709546,40.63222428977499,32.803556673427444,24.334399463938976,38.76493043525478,26.793967288106998,27.90070763280504
GDN0028,68.69536548317923,57.015640101061194,72.51011511181456,78.11851002165623,79.6009100475595,58.82007021638069,75.06358118067023,82.11376716953498,60.42201576940219,80.06583016637533,46.204039257329704,62.12023349271636,50.295522104625114
GDN0029,64.89125833918149,65.02491589010457,70.00132802274452,67.88799629110092,69.01156058744382,56.95997138769868,81.9888354290369,82.8676305909468,79.15714249214294,68.36107523096729,59.50435010418423,60.29146396552928,65.07985432675589
GDN0030,16.51080864924854,42.430313122456866,49.81037876484609,55.20222662508928,47.985272843798,46.64390388489451,42.725333606683904,51.06984759808215,40.41177524881881,49.107920589385614,23.104795799630846,43.17227264154612,36.61132663002763
GND0006,11.546764429449327,37.167059379181616,20.00907221045054,20.285852861435973,32.61952336953911,6.511465573782872,33.73335785754278,32.70045180308374,34.09407616628722,28.314960107142923,27.220397813512992,16.010213934353043,21.622594130900612
