experiment,variant,fold,params,MAE,MSE,CC_temporal,CC_spectral,RRMSE_temporal,RRMSE_spectral,R2,peak_F1,peak_precision,peak_recall,peak_accuracy,peak_missed_rate,peak_timing_err_ms_median,MAE_mean_hr_bpm,MAE_rmssd_ms
A_apnea,L9_full,0,4090620,0.2896116712102888,0.13255030347345748,51.39286801167773,81.7883249324875,0.9128247687047075,1.002647252706815,-1.0930899027553913,0.5604150309137909,0.6840901988304866,0.4799955075893779,0.4119063993948647,0.5200044924106221,32.8125,8.237712433140354,326.49980525487507
A_apnea,L9_full,1,4090620,0.36157295648376736,0.18143036864702577,54.941257429346116,88.22871621409439,1.0321739619362758,1.0134295071521107,-1.1240685100182837,0.6968498968572062,0.7679965048922079,0.6387242033013922,0.5739579340508133,0.36127579669860777,28.125,9.570860188984472,257.83983612887687
A_apnea,L9_full,2,4090620,0.36792225961555514,0.21055241342119949,33.18050783501505,83.1630869920062,0.9602058166822193,0.9808368996020496,-1.125836708137534,0.5135861795438965,0.4875195889675356,0.5531243170675789,0.3761800482873635,0.4468756829324211,67.1875,26.9984540682406,221.30142386867016
A_apnea,L9_full,3,4090620,0.3221079814304955,0.16883268210045246,25.068582638089058,75.39094814383074,0.7483746824164054,0.7905381508412354,-0.9022432744389073,0.7583967801736005,0.7735315116532661,0.7504085489604728,0.6130805528010845,0.24959145103952707,25.390625,4.29129686947892,223.81509150975896
A_apnea,L9_full,4,4090620,0.3041219488233245,0.15271159368633258,60.773594926070146,84.20733998044999,0.9793977913799645,1.211548745186042,-3.3918879067513843,0.7571039676206054,0.8459155217145881,0.6940430992523379,0.6394297502305527,0.3059569007476621,15.625,2.9230690593094266,205.35216505227405
A_resting,L9_full,0,4090620,0.3769926132020409,0.20731122707551766,66.78862356433595,86.0605109714398,0.9147777641469412,1.0592466608265514,-1.3882006306118675,0.8671587372321875,0.8890548989022408,0.8632415131306895,0.7830720220277306,0.1367584868693105,13.020833333333334,8.528687069520778,161.639244686709
A_resting,L9_full,1,4090620,0.3435851273972134,0.16911081270106204,56.97363692968453,89.74535583686493,0.987087155600255,0.5425344442741641,-0.49839472196970774,0.8060427336839848,0.9343286854477152,0.7204660634005604,0.6985854786697215,0.27953393659943965,14.322916666666666,4.715700096686123,271.5412736662737
A_resting,L9_full,2,4090620,0.3625567928003844,0.20070727115955062,37.39420448393983,85.30867026661574,0.8124183387425182,0.6720539175117514,-0.5415771036190655,0.5220730831126258,0.7366513271428206,0.4312819627476235,0.39629440640213476,0.5687180372523764,29.947916666666668,7.1811942925675085,345.58822353985465
A_resting,L9_full,3,4090620,0.32716969794097656,0.16939205195361687,61.0005637371452,86.99084540290362,0.8695403791483614,1.0848187430471827,-0.8494071742233685,0.8471215360498375,0.9316696574161244,0.7818291644285548,0.7448813811975499,0.21817083557144537,13.020833333333334,2.7577352548721166,264.3404665954744
A_resting,L9_full,4,4090620,0.34994654546659504,0.19155086497251048,61.13290465143763,89.51741254465148,1.007757287883454,0.6892149045438851,-1.5920693452231782,0.9443559953720885,0.9902465374433037,0.905785676958649,0.8981165427185788,0.09421432304135086,15.625,1.5038768745927757,128.07824323184727
A_valsalva,L9_full,0,4090620,0.3330263781749827,0.1559660683007726,50.598597854520506,82.83404673302424,0.8570795087807476,0.6862599950166604,-0.8988370313569964,0.6428689651780909,0.7479392887852302,0.5878198009344674,0.5234468623437404,0.41218019906553266,23.4375,7.276467307285645,246.471644175969
A_valsalva,L9_full,1,4090620,0.3401150141629235,0.17166987246900337,46.953192300517216,86.31125724924263,1.0576014502955884,0.6187891629899533,-0.5792689237665595,0.7305078502849254,0.8510172705220258,0.6725736362331698,0.6432608140384113,0.32742636376683026,15.625,3.230736716899125,235.2471750202754
A_valsalva,L9_full,2,4090620,0.3481566890018467,0.1822627661141452,43.139230401134235,85.26293978512129,0.843282312205345,0.7741541691254014,-0.7346203083946484,0.6423418656942469,0.7796327811343184,0.5720671346706564,0.5275711667753228,0.42793286532934366,22.135416666666668,7.246655567440563,309.6760774994155
A_valsalva,L9_full,3,4090620,0.2569675660738607,0.1261365552511097,54.26400526941483,89.96540276867441,0.6928308456593332,0.6626681648958095,-0.23349673153332393,0.7763614535058678,0.9410276105640953,0.6744885491481419,0.652411582829125,0.32551145085185806,20.3125,3.4278417657814955,294.0031072835492
A_valsalva,L9_full,4,4090620,0.3238425156775144,0.1607843684885035,62.409074737287646,89.08474427104352,0.8842852465881965,0.7543903326116981,-1.4204055183966593,0.8445243613134604,0.9321184434701397,0.7833657433632505,0.746906085385982,0.21663425663674962,18.75,2.3084840514411895,156.38047338896737
B_rva,L10_transformer,0,4548604,0.3380632146135256,0.16718945952471248,46.7040092162645,83.25438705499259,0.9171347704064873,0.6720974348767085,-1.013716555959929,0.6094761521289884,0.7525403180596771,0.5326734536775282,0.476783077151857,0.4673265463224717,19.071691176470587,7.781098471151588,326.84186657914984
B_rva,L10_transformer,1,4548604,0.3607878367445498,0.18968046536388333,51.138698245832096,88.98063813371503,1.0781031037393844,0.615806130932147,-0.7633953078510084,0.8188306803966136,0.8753307205571974,0.7771431402170839,0.7206677489620503,0.2228568597829162,12.939453125,4.747452462820448,237.60218677033583
B_rva,L10_transformer,3,4548604,0.2938873220670187,0.1450639429283516,63.67608954988437,88.81590873164059,0.7872118740439136,0.9741854808672091,-0.580312815230086,0.9011652036487156,0.925717490255862,0.886347687448921,0.829170832675292,0.11365231255107895,13.541666666666666,2.49136810832971,152.0475436600914
B_rva,L10_transformer,4,4548604,0.3199434612586187,0.17449968608219343,43.45171514814504,87.6242595375639,0.9587469668902654,0.765324254841228,-1.729905994581225,0.8789156381331018,0.9144119775919541,0.8517041568994903,0.7988942035396311,0.14829584310050964,15.625,3.0964106129555895,164.75931426144143
B_rva,L2_loss_only,0,9218556,0.32712820699136846,0.14701826182837743,58.00330792640476,83.54217338898468,0.8650773023580249,0.5526831965062464,-0.7939487166767021,0.8021710274208329,0.846111159819409,0.7708345035471796,0.7045784687748611,0.22916549645282042,18.38235294117647,7.859377843734808,206.93163078810522
B_rva,L2_loss_only,1,9218556,0.3383387009170019,0.1698031994062785,38.68515394160815,88.2950902714,1.026643144703283,0.6385989714842766,-0.5396398572304764,0.7730180330715246,0.8019523007960921,0.7500245923567449,0.6622597353533539,0.24997540764325515,36.62109375,2.708201843836129,238.19743716376155
B_rva,L2_loss_only,2,9218556,0.313374347145717,0.1484174448126998,57.32669683017893,90.26831668336402,0.7715730958358998,0.6198161732014537,-0.4162856569698982,0.8194097852053915,0.8929928033859333,0.7783963657859795,0.7192850187792614,0.22160363421402052,32.169117647058826,6.006236104522761,196.99752431336626
B_rva,L2_loss_only,3,9218556,0.2463745902231263,0.11128270507392073,56.97108012046379,88.50797142924418,0.7296497902498268,0.8320521747317415,-0.31883322657282953,0.9186986526436034,0.917944844552758,0.9243585232478407,0.855560893671976,0.07564147675215929,27.604166666666668,1.9059248704913743,154.6383502547105
B_rva,L2_loss_only,4,9218556,0.3399188155855626,0.18196886642240037,53.11637418366991,88.56741263265195,0.985189335198603,0.823437072704488,-1.7349789209048716,0.9122070070925392,0.9108578853410462,0.9160320537114482,0.8447166760182383,0.08396794628855178,22.4609375,1.836427585029575,132.3722051660128
B_rva,L3_c1_only,0,9221692,0.3599145525935715,0.1769408635132521,52.26981190658568,81.64787166653839,0.9294311628936623,0.6296946726175189,-1.1486125280172623,0.7104437512302518,0.8705295155166405,0.614871075312684,0.5821513165969838,0.3851289246873161,17.003676470588236,6.871531939159102,267.8329350270134
B_rva,L3_c1_only,1,9221692,0.39209209420875885,0.21295899654466433,49.59449184769543,88.08467802318026,1.1774816377333506,0.6395592718940368,-1.0055501385134697,0.7251275780302624,0.9111452609460093,0.6161788731385744,0.5981010538527374,0.38382112686142544,12.20703125,4.523678495517302,286.185789568358
B_rva,L3_c1_only,2,9221692,0.3474853025475438,0.16717590411799102,71.26493559373382,89.50366868458737,0.788767090611431,0.5767789816684482,-0.4991266156081168,0.7780460731209802,0.9657709481636959,0.6824158130148907,0.6646325851356552,0.3175841869851094,17.46323529411765,9.994677467967119,269.97114021791344
B_rva,L3_c1_only,3,9221692,0.21221653237609367,0.09110679501836885,65.28983102748153,88.74060747715885,0.6503373434809049,0.638321210315852,-0.031501300708593825,0.7650265637032349,0.918037776462201,0.6755872792572595,0.6335732438404197,0.3244127207427404,14.583333333333334,6.479762680104172,302.4188168410355
B_rva,L3_c1_only,4,9221692,0.31302549088444004,0.16111417446851264,59.69406627700681,89.79210495677461,0.9043405767782412,0.7697956856286745,-1.5512585639887913,0.9127471248409543,0.9659126717516011,0.8679095852137733,0.8467114402901676,0.1320904147862268,13.671875,2.029656175866161,140.3025872076797
B_rva,L4_c1_c5,0,9221692,0.3342641497907347,0.1519089953894206,54.782319617172185,83.02865132211608,0.8769029874493587,0.6627907985643856,-0.8383668158414499,0.7851767299883157,0.8777103945217324,0.7266169718932844,0.6759389825956169,0.2733830281067156,14.705882352941176,2.943025882791511,226.30301007828493
B_rva,L4_c1_c5,1,9221692,0.35504419920965646,0.19463481309729014,35.70198297877507,85.33756007676611,1.0983382260820476,0.9310365252173489,-0.8079094095004387,0.657063525435051,0.7656528937841556,0.5848125325054734,0.5319927343539881,0.4151874674945266,20.99609375,10.533151500394556,333.8587298879828
B_rva,L4_c1_c5,2,9221692,0.3226003602707178,0.15688205062127003,69.19607679446896,90.89176730661633,0.7710725439470736,0.617999446266088,-0.4450557774585458,0.6414414798496204,0.8083025688240602,0.5638933592555045,0.5129448741514416,0.4361066407444955,22.977941176470587,8.237079011751199,314.06214086807705
B_rva,L4_c1_c5,3,9221692,0.22987903498884654,0.10126959738868765,60.27181786267009,89.54438881283916,0.6807266049719303,0.7727071254573317,-0.13954797667331909,0.7544816490773726,0.8482549516332466,0.6953951397704267,0.6375448341929003,0.30460486022957334,15.625,4.250528208867046,277.3357300857737
B_rva,L4_c1_c5,4,9221692,0.3003783272809789,0.1483639820356435,62.22980551586782,89.7592364834466,0.8833858872223166,0.9026881805346559,-1.39483359445673,0.8529172756517149,0.9169735592782404,0.806683857487466,0.7624960799044531,0.1933161425125341,18.5546875,3.0981611535628986,165.36917673220694
B_rva,L5_no_wavelet,0,3522488,0.3789187191467655,0.1849927889325168,57.663520057677246,85.90604640678741,0.9627270296164228,0.5728504693874628,-1.2414549468578489,0.8436591099198677,0.8891100218445893,0.8151465308310749,0.7608654596539645,0.18485346916892498,11.948529411764707,2.250143733848242,183.33990646521508
B_rva,L5_no_wavelet,1,3522488,0.38696246609363616,0.20190797377402975,52.55731124526911,89.72543458790902,1.1356335222524854,0.6446924922946872,-0.8734763653724856,0.8022976053039752,0.8915500984598472,0.7436056734236246,0.7024531642732882,0.2563943265763754,11.71875,4.0445801252079505,232.83576730898915
B_rva,L5_no_wavelet,3,3522488,0.2259799996771755,0.1020881232086358,64.46705209371112,90.54728602041618,0.6788502870832781,0.8265549043601402,-0.1633937222695412,0.8932495164503319,0.9242241535075095,0.8738593627570015,0.8176826047062722,0.12614063724299834,15.885416666666666,3.012839926066321,167.0237418854373
B_rva,L5_no_wavelet,4,3522488,0.2932598411688925,0.1450315093590816,62.51209626983031,90.89109957192186,0.8773191564144287,0.8596009292505274,-1.4059805527753846,0.8664194609660713,0.9278359903835685,0.8207162277014382,0.779262538306511,0.1792837722985618,17.08984375,3.961868247292018,189.88775657373424
B_rva,L6_no_ssm,0,3099388,0.2970381021415874,0.14134326841814687,37.26532430775843,79.08243050328909,0.852134826636946,0.7219657994694476,-0.7053414421909332,0.6973733057844834,0.7783993720597073,0.6424919195103187,0.5693441685385286,0.3575080804896813,22.977941176470587,6.60749670673672,292.9613722018176
B_rva,L6_no_ssm,1,3099388,0.3984083190976504,0.21258383688418248,54.862917537072,90.02122403604359,1.131102610884774,0.5448307974597113,-0.9639651505256591,0.8453310275796201,0.8957698714352242,0.81083325739534,0.7646026677157298,0.18916674260466004,11.23046875,3.4036628828574855,186.4892435619378
B_rva,L6_no_ssm,3,3099388,0.23674739467619396,0.109945623896772,64.07982217265427,90.54323012885413,0.7028997341967713,0.8409114071905645,-0.274559885853561,0.902751898546823,0.9303457571376004,0.8883205792844916,0.8326478004122169,0.11167942071550835,13.020833333333334,2.240939661659065,147.65703483734504
B_rva,L6_no_ssm,4,3099388,0.32106443424365877,0.16918386347983957,54.9987606567287,90.4039459629198,0.9114853902315389,0.7182559046713707,-1.743669604582988,0.9592720072333198,0.9592401184322079,0.9617263470264331,0.9254664945578787,0.03827365297356687,14.6484375,0.9887188597873942,72.13653552473278
B_rva,L7_singletask,0,4080698,0.3606743700316829,0.17139649235364035,61.038714101157375,84.53240291512029,0.8894106729188707,0.5947952308684162,-1.0778841758353532,0.8282776723767334,0.8745390254311048,0.8002118421589991,0.7300029669414455,0.19978815784100082,12.867647058823529,3.2516412968039092,220.94333948243968
B_rva,L7_singletask,2,4080698,0.32200441595254925,0.15027600598576463,72.48454758328725,91.0061282943921,0.7399393903838212,0.6295010810280095,-0.3401796037995911,0.6433660074406098,0.7581462204541733,0.585253276080843,0.5144805510423962,0.41474672391915696,29.18198529411765,8.20258686862281,300.79606773636345
B_rva,L7_singletask,3,4080698,0.2562196883380855,0.13007575643305858,63.487222181004654,89.22636123289593,0.7474097418823267,1.5561259585061444,-0.37719206642719305,0.908780454056793,0.9284247108480123,0.8957728544363887,0.8406865535332507,0.10422714556361129,11.979166666666666,2.2888276808717336,166.54262344490144
B_rva,L7_singletask,4,4080698,0.32217650803232845,0.17413877651792878,58.47874419133874,89.1923156713068,0.931367780199912,0.6919021847774525,-1.86384345420757,0.9401427951286738,0.9561304677082618,0.9344330919190527,0.897182491165579,0.06556690808094728,13.671875,1.2254525046728304,72.18999563421954
B_rva,L8_no_film,0,4088188,0.3437910390819178,0.1648968370078129,63.618942995693715,84.52130196305987,0.9077982714137433,0.6372913770584547,-1.0113338913429895,0.8651408460673742,0.8943975482857036,0.8446364169956178,0.7877550598858782,0.15536358300438227,12.178308823529411,1.8658339280309288,161.4932807769899
B_rva,L8_no_film,1,4088188,0.4431123031783607,0.25324706609155845,50.50077698637338,89.03430435674326,1.2867102111049529,0.678019621200668,-1.4453485641634662,0.8470617505045326,0.8832278221212571,0.8165203729658363,0.7625379307501039,0.18347962703416373,11.23046875,1.9290978476824354,174.4387900524215
B_rva,L8_no_film,2,4088188,0.3120354413702963,0.14495035701420478,71.16214085367713,90.75523262315912,0.7232006294813891,0.6014530392852959,-0.2755092408092917,0.6447997299968595,0.8072637139463733,0.5653676548936364,0.5148238133716994,0.43463234510636367,30.330882352941178,8.134755302964653,301.3547056025461
B_rva,L8_no_film,3,4088188,0.3046255822706833,0.15381056954266523,61.81036188761811,89.25951308265888,0.7981078562198548,0.8139835786907863,-0.7538207869512628,0.9155392325853563,0.9306184673350654,0.9065982150519455,0.8516000806204087,0.09340178494805439,13.020833333333334,2.2312772349093417,152.86830352586168
B_rva,L8_no_film,4,4088188,0.3119151531905995,0.16390202425930808,62.83141276253417,92.2270369242853,0.904118121503702,0.7217056564394232,-1.717154904634393,0.9279103308300775,0.952719404215302,0.9118341192642081,0.8742086814200115,0.0881658807357919,13.671875,1.4225794826287639,85.38494496336992
B_rva,L9_full,1,4090620,0.4045673003353183,0.22321317235731294,50.699214946588604,89.91196728422047,1.180924138179534,0.6336945170286052,-1.061657029266014,0.844999524252282,0.8737211478459789,0.820936043039441,0.7639718861696536,0.17906395696055905,12.6953125,3.063896472147007,177.70007497740977
B_rva,L9_full,2,4090620,0.3520561682088599,0.18185767993865246,68.80838502113846,89.32413830629756,0.8110123708874551,0.6443820602828281,-0.6395682548805153,0.6599783926813692,0.8345725874254668,0.5782945770828888,0.5331525028778125,0.4217054229171111,26.19485294117647,7.2984415398151485,286.9024777078646
B_rva,L9_full,3,4090620,0.28728895979949226,0.14008243889324565,64.98605138199171,87.98766449736524,0.7681176432560356,1.1011572242601038,-0.6551521355805502,0.9222705261958593,0.9252543279802153,0.9253329478015239,0.8618562569462622,0.07466705219847611,14.0625,2.047754073854361,133.492483981744
C_all5,L9_full,0,4090620,0.4107115008900168,0.2342205640870169,51.97732302333818,80.42302698233131,0.9885045253139945,0.8065506052330266,-1.944988426284175,0.8354355901740651,0.8475813703219699,0.8317688999861773,0.7548787814745781,0.16823110001382294,16.70258620689655,5.193952959777286,196.97266028113683
C_all5,L9_full,1,4090620,0.39868168976164636,0.23149167922376318,55.01303973971148,88.58107775071821,1.1657919019330762,0.7054442089496432,-1.3111155767460134,0.8881497155833438,0.9100008129829057,0.8694875782032921,0.8163141500065828,0.13051242179670774,14.508928571428571,2.873145614604892,156.47760721198324
C_all5,L9_full,2,4090620,0.38419639719101994,0.2051160763080728,67.78426615149534,89.60002686530859,0.9353819066663352,0.6128702900472626,-0.9678896626405822,0.8589145045154208,0.9430788836256463,0.808896962346229,0.7776709993466059,0.19110303765377096,13.88888888888889,7.00370148660124,167.0808974506675
C_all5,L9_full,3,4090620,0.34581895967910065,0.1900569647431975,51.57522526358632,85.15209374512057,0.8988101825936207,0.8198941178662895,-1.2677758179588265,0.8830000218831067,0.904006144717596,0.8702452255923998,0.8051654032143092,0.1297547744076001,14.375,3.5754885631631383,189.47746298782863
C_all5,L9_full,4,4090620,0.32659801348313033,0.1735655045533353,53.768533220045995,89.79214390582158,0.9688008489579284,0.6701863318255439,-1.760372127930597,0.9507176061227622,0.960190774133941,0.9448636480492043,0.9114099484030805,0.055136351950795685,16.40625,1.6808962044448927,80.45362106782028
D_loso,L9_full,0,4090620,0.2583165735164898,0.11936396422857633,72.199588371607,94.80558130820036,0.794153246934933,0.3962446644812664,0.04997832720309073,0.8176875579926564,0.8737345515876125,0.7818487412138864,0.733540245091471,0.21815125878611372,23.4375,8.512895366125697,158.96609023954352
D_loso,L9_full,1,4090620,0.25533201272782285,0.10093274746221993,60.9028879963243,90.68550044295444,0.899448535538246,1.2872194982057783,-0.3706844360534254,0.9038988886583172,0.9173563837437354,0.8908414825127984,0.8401914813313002,0.10915851748720153,13.671875,0.7928935674774955,209.90833195830172
D_loso,L9_full,11,4090620,0.5152736525043677,0.3118818835589521,61.96747352594637,82.75266195855407,1.5748905739116539,0.5889187097297643,-2.7782348818100955,0.904090559769023,0.9529894696982254,0.860848584069555,0.829633560885744,0.13915141593044503,15.625,1.4088719129717675,315.6797114785937
D_loso,L9_full,12,4090620,0.30896607713847823,0.14731681549529063,51.43441560061464,85.26096200757418,0.6460851987384554,0.5218087983246987,-0.323664525292542,0.5083131988352625,0.6768835793261887,0.4079470540792234,0.3419815396782895,0.5920529459207766,40.625,9.058050001327763,488.08110164253947
D_loso,L9_full,13,4090620,0.3067482591479946,0.12112520089889331,69.76938966210808,86.25948361736968,1.0258643102011218,0.7845073649817119,-0.6196992923612855,0.9884057971014494,0.9956204379562044,0.981294964028777,0.9770773638968482,0.01870503597122302,15.625,0.3975087173550236,105.57857021080395
D_loso,L9_full,14,4090620,0.35296195103392863,0.1785131047899739,63.20727125311397,91.85167139668705,1.2124953500747409,0.6146511146283622,-0.6992225623566246,0.9280715512817534,0.9476008141368947,0.9095301568883857,0.8735518417078041,0.09046984311161446,12.5,0.7836147974652363,85.95644378373122
D_loso,L9_full,15,4090620,0.2523759531739739,0.11509997912060861,41.67001874346056,88.75594673497264,0.628978400360074,0.562237398167642,-0.584600168570322,0.7236130047244684,0.7995026077857899,0.6645263151478192,0.602936183561382,0.33547368485218076,26.5625,3.236688809904338,375.33920174093913
D_loso,L9_full,16,4090620,0.33838690838224444,0.15385705518387693,82.56099106934394,96.36907105234292,0.5784916934242939,0.5732325828371246,0.16727588871324073,0.9087652165446727,0.9727361466169859,0.8531255679908781,0.8337189394378953,0.14687443200912187,13.020833333333334,5.635154347941845,81.71693109433305
D_loso,L9_full,18,4090620,0.29038230592751585,0.1374344029415318,51.77194658588796,88.0756874741856,0.8330784018710584,0.5237861526965807,-0.5143873709597947,0.6775012309632691,0.7750937041976034,0.6148641366853577,0.5473897373047512,0.38513586331464233,53.90625,3.5244323412959715,351.6440263782516
D_loso,L9_full,19,4090620,0.33408080270308277,0.1598815889438288,54.8035520799632,87.17654800716853,1.153292045542113,0.5045382749818984,-1.044481133031622,0.9154711608808489,0.9331903671460552,0.917816386639022,0.8577210830264763,0.08218361336097797,12.5,5.1069921028507625,152.50189267886572
D_loso,L9_full,20,4090620,0.5450723558469505,0.37620826873774527,22.533492554072332,74.72461302616088,0.9068892339987052,0.8775377983539238,-3.918552947665287,0.7951014675395996,0.8252955605939395,0.7671714196926606,0.7051536485858874,0.23282858030733938,20.3125,2.9805613506348054,196.92393812366873
D_loso,L9_full,23,4090620,0.22543638763421603,0.08461674779712358,70.67568081792139,88.28740235783002,0.6420063487123184,0.5671839041206974,0.00011080981162978274,0.9165508373390063,0.9197902046218888,0.9149579483500354,0.8558338099653658,0.0850420516499648,6.25,1.4029484249597943,188.12533211258335
D_loso,L9_full,24,4090620,0.48014248642353474,0.28584411934413945,41.60602160130496,83.1455753586752,0.792936130224735,0.5788173303364664,-1.4851587394276962,0.8703415574400211,0.8939615239668512,0.8482025964797605,0.780619956388308,0.1517974035202395,18.229166666666668,5.381013523081211,258.915868215447
D_loso,L9_full,25,4090620,0.3506693307579856,0.18075862945542573,46.06677667450865,90.0822903858762,1.2448530062792977,0.6870106795578147,-1.1637346521913505,0.9254082010439143,0.961401012401908,0.8933805497045849,0.8676325628370419,0.10661945029541504,9.375,5.286089728438218,118.80227654855749
D_loso,L9_full,27,4090620,0.6389848691927987,0.4575141802403404,45.987481545016514,84.02889161608256,2.040395447781288,0.598872707134338,-4.857166973716549,0.9513858282997271,0.9834354710497104,0.9233698501433842,0.9099740221448165,0.07663014985661583,9.375,2.72100609094514,186.8834427743221
D_loso,L9_full,28,4090620,0.26693175773004313,0.1410314483625992,30.20901161842713,92.13465856400168,1.0719232162280998,0.44070380237764273,-1.108094149304455,0.936583370429598,0.9102025222486972,0.9717253938189042,0.887992508234434,0.028274606181095775,29.296875,0.7423337335053279,40.32005351522774
D_loso,L9_full,3,4090620,0.5660027004505349,0.3943099430936556,64.8970762745101,92.55645927904469,1.6273024109027234,0.47277490877387823,-2.671014236548633,0.9333904494190239,0.9489860684653342,0.9187258739673517,0.8884803182843857,0.0812741260326483,25.0,1.1393365031196112,132.46547031446818
D_loso,L9_full,4,4090620,0.29080855106670234,0.15475211255500798,32.502307904917316,79.38175437448588,1.1462799204855592,0.8020303934217189,-1.0790555569633633,0.6968758289572815,0.7627861197164645,0.6473791758091106,0.5476622817918938,0.3526208241908892,17.1875,9.551372931546819,405.5186924265573
D_loso,L9_full,6,4090620,0.22624802688104947,0.10283053881284629,44.08341397109509,82.86664110141736,0.9130909152622474,0.7616851690714246,-0.8719163373563028,0.9474182352207834,0.9831040848252188,0.9151496034991038,0.9011511408917245,0.08485039650089618,12.5,2.017533167021668,146.50185343425338
D_loso,L9_full,8,4090620,0.5018822749617016,0.2981586583770675,58.998847571868176,87.99368622092248,1.7231341074845106,0.6176255089789394,-2.3633465235586018,0.8210806841855348,0.8587883035321944,0.7870650694151414,0.6994660567435649,0.21293493058485854,34.375,6.341371366749274,280.8991973923401
D_loso,L9_full,9,4090620,0.2860234294387331,0.11900260249443348,79.94292356986848,91.68800196315924,0.50597543144573,0.528741696851912,0.3329950070034387,0.9492021139788214,0.9453832398592299,0.9576260568311626,0.9072077924381716,0.04237394316883732,9.375,2.1318899624075103,32.10877127256161
F_cross:Apnea,L9_full,0,4090620,0.2519457127829041,0.11641220782174434,67.98947947933983,91.06902888912546,0.7395400515265201,0.8835680156956937,-1.1245772930712852,0.7762864994325823,0.8501478730102822,0.739365983172607,0.6577222175595377,0.260634016827393,14.973958333333334,4.725449350906888,218.9054753028403
F_cross:Tilt-down,L9_full,0,4090620,0.2123659618202133,0.10010669095351127,73.3490597401693,93.10064950505657,0.6346463975619019,0.5159248079341334,-0.4288813721053098,0.9581382533270498,0.9672974728112609,0.9496998366296638,0.9261836835739347,0.05030016337033604,11.284722222222221,1.271411617106145,76.79153713308615
F_cross:Tilt-up,L9_full,0,4090620,0.41839168434010404,0.27678849883861023,28.70189229736518,81.68728179273921,1.2277399293142894,0.6581578979763864,-2.486162858133981,0.7536131299269786,0.8360088751702163,0.6989486435566852,0.6552494597103611,0.3010513564433149,22.686298076923077,9.32151577161489,268.6152200498796
F_cross:Valsalva,L9_full,0,4090620,0.16839113708340084,0.0638403399102857,77.57608627537887,94.5892000589652,0.5338921760883366,0.396617079092084,0.25083739008445305,0.9186072906894386,0.9462902361562764,0.9041270018303221,0.866606101526991,0.09587299816967786,10.416666666666666,2.4786388307624736,108.70099060950285
B_rva,L1_baseline_mse,0,9218556,0.1668021478346981,0.04134776021393277,51.981708312576835,79.81865190677652,0.6244141356276478,0.7446979477088452,-1.0802267588173595,0.686408755359542,0.8470749421521026,0.5919329382517575,0.5654496028401124,0.4080670617482425,16.544117647058822,6.272847784762947,267.1186610321047
B_rva,L1_baseline_mse,1,9218556,0.18714203749755162,0.04943068654953356,43.185333291291784,80.41065932268309,0.5141044756229961,0.6773647338553961,-0.8749410517911014,0.7495535340959933,0.9033583763138948,0.6530701228598828,0.6355572637764173,0.34692987714011725,18.06640625,4.308945647171176,259.99526923268786
B_rva,L1_baseline_mse,2,9218556,0.16025249349652204,0.04383555136212515,63.697108186556065,86.15909746496172,0.48808391868994666,0.7129234401121289,-0.6817289490531561,0.6432382892364724,0.9330946018010221,0.5117423049219268,0.49905262434811076,0.4882576950780732,25.735294117647058,11.821950835837313,354.68101393877964
B_rva,L1_baseline_mse,3,9218556,0.15193920786915766,0.0358473473544126,8.69188977048007,36.84916021948364,0.5440782540349705,0.9850819321699542,-0.43446870632721324,0.254107965877565,0.30035351868996873,0.30473914752591136,0.15515942580394615,0.6952608524740886,42.96875,45.7360218766342,263.4651213060669
B_rva,L1_baseline_mse,4,9218556,0.16253654130928888,0.04298585060469468,55.50117337200211,85.26991515596002,0.5018096049683021,0.6914519488670892,-1.6114841678664518,0.7711687773303683,0.9118018107852275,0.6877786775436907,0.66838465336879,0.3122213224563093,16.6015625,3.27190475304275,174.49307713356393
